{"stat.walkOneCm":49777,"stat.pickup.minecraft.bone":2,"stat.leaveGame":4,"stat.pickup.minecraft.arrow":4,"stat.useItem.minecraft.diamond_axe":5,"stat.killEntity.Wolf":1,"stat.useItem.iceandfire.dread_knight_sword":1,"stat.useItem.swordcraftonline.darkscythe":1,"stat.killEntity.Creeper":2,"stat.useItem.minecraft.diamond_sword":3,"stat.useItem.mowziesmobs.glowing_jelly":2,"stat.jump":1189,"stat.swimOneCm":2252,"stat.fallOneCm":11415,"stat.crouchOneCm":3440,"stat.sprintOneCm":132272,"stat.useItem.minecraft.stone_slab2":77,"stat.pickup.minecraft.rotten_flesh":3,"stat.killEntity.Skeleton":2,"stat.pickup.swordcraftonline.nightskysword":1,"stat.useItem.swordcraftonline.ordinalscale":1,"stat.damageTaken":80,"stat.killEntity.Spider":4,"stat.useItem.minecraft.lingering_potion":8,"stat.mobKills":15,"stat.useItem.minecraft.golden_apple":1,"stat.flyOneCm":404140,"stat.mineBlock.minecraft.leaves":6,"stat.playOneMinute":60948,"stat.pickup.minecraft.diamond_axe":1,"stat.pickup.mowziesmobs.glowing_jelly":3,"stat.killEntity.Sheep":1,"stat.sneakTime":928,"stat.pickup.minecraft.wool":1,"stat.damageDealt":1640,"stat.killEntity.Zombie":2,"stat.timeSinceDeath":60948,"stat.useItem.iceandfire.dragonbone_bow":2,"stat.useItem.minecraft.wooden_axe":7,"stat.useItem.swordcraftonline.darkrepulser":2,"stat.mineBlock.minecraft.tallgrass":1,"stat.pickup.minecraft.mutton":1,"stat.diveOneCm":333}