{"stat.chestOpened":1,"stat.pickup.minecraft.bone":9,"stat.leaveGame":6,"stat.pickup.minecraft.arrow":11,"stat.mineBlock.minecraft.cobblestone":1,"stat.useItem.minecraft.diamond_axe":5,"stat.useItem.iceandfire.dread_knight_sword":4,"stat.useItem.swordcraftonline.darkscythe":1,"stat.useItem.minecraft.diamond_sword":3,"stat.useItem.mowziesmobs.glowing_jelly":2,"stat.jump":1451,"stat.swimOneCm":2815,"stat.fallOneCm":11415,"stat.pickup.minecraft.gunpowder":5,"stat.crouchOneCm":4940,"stat.pickup.minecraft.spider_eye":6,"stat.pickup.iceandfire.stymphalian_bird_feather":1,"stat.pickup.minecraft.red_mushroom":1,"stat.useItem.minecraft.stone_slab2":85,"stat.useItem.iceandfire.troll_weapon.column_forest":3,"stat.pickup.minecraft.iron_ore":6,"stat.pickup.minecraft.rotten_flesh":7,"stat.pickup.swordcraftonline.nightskysword":1,"stat.damageTaken":80,"stat.pickup.minecraft.leather":3,"stat.useItem.minecraft.iron_ore":5,"stat.pickup.iceandfire.troll_leather_forest":10,"stat.drop.zoocraftdiscoveries.seed_sage":1,"stat.pickup.minecraft.cobblestone":3,"stat.flyOneCm":879782,"stat.pickup.minecraft.brown_mushroom":1,"stat.killEntity.Witch":1,"stat.pickup.minecraft.diamond_axe":1,"stat.pickup.mowziesmobs.glowing_jelly":6,"stat.useItem.minecraft.cooked_beef":2,"stat.damageDealt":6419,"stat.mineBlock.minecraft.iron_ore":6,"stat.timeSinceDeath":102544,"stat.useItem.iceandfire.dragonbone_bow":2,"stat.useItem.swordcraftonline.darkrepulser":2,"stat.killEntity.Cow":3,"stat.pickup.minecraft.mutton":7,"stat.walkOneCm":108723,"stat.useItem.iceandfire.troll_weapon.hammer":4,"stat.useItem.minecraft.cobblestone":1,"stat.killEntity.Wolf":1,"stat.killEntity.Creeper":6,"stat.pickup.minecraft.string":1,"stat.pickup.jurassicraft.vehicle_item":1,"stat.useItem.swordcraftonline.nightskysword":23,"stat.killEntity.if_troll":3,"stat.sprintOneCm":178291,"stat.pickup.minecraft.cooked_beef":5,"stat.killEntity.Skeleton":6,"stat.pickup.iceandfire.troll_skull":1,"stat.useItem.swordcraftonline.ordinalscale":1,"stat.killEntity.Spider":7,"stat.useItem.minecraft.lingering_potion":8,"stat.pickup.swordcraftonline.karakurenai":1,"stat.mobKills":49,"stat.pickup.iceandfire.troll_weapon.hammer":1,"stat.useItem.iceandfire.dragonsteel_ice_pickaxe":10,"stat.useItem.minecraft.golden_apple":2,"stat.drop":1,"stat.mineBlock.minecraft.leaves":6,"stat.playOneMinute":102544,"stat.killEntity.Sheep":8,"stat.sneakTime":1446,"stat.pickup.iceandfire.troll_weapon.column_forest":1,"stat.pickup.minecraft.wool":8,"stat.pickup.zoocraftdiscoveries.seed_sage":1,"stat.killEntity.Zombie":4,"stat.useItem.minecraft.wooden_axe":7,"stat.pickup.iceandfire.troll_weapon.trunk":1,"stat.mineBlock.minecraft.stone":3,"stat.mineBlock.minecraft.tallgrass":1,"stat.diveOneCm":430,"stat.pickup.minecraft.cooked_mutton":2}