{"stat.walkOneCm":20417,"stat.pickup.minecraft.bone":1,"stat.leaveGame":4,"stat.pickup.minecraft.arrow":2,"stat.useItem.minecraft.diamond_axe":5,"stat.killEntity.Wolf":1,"stat.killEntity.Creeper":2,"stat.useItem.minecraft.diamond_sword":3,"stat.jump":838,"stat.fallOneCm":9627,"stat.crouchOneCm":2667,"stat.sprintOneCm":102156,"stat.useItem.minecraft.stone_slab2":66,"stat.pickup.minecraft.rotten_flesh":3,"stat.killEntity.Skeleton":1,"stat.damageTaken":80,"stat.killEntity.Spider":3,"stat.useItem.minecraft.lingering_potion":8,"stat.mobKills":9,"stat.useItem.minecraft.golden_apple":1,"stat.flyOneCm":220769,"stat.mineBlock.minecraft.leaves":4,"stat.playOneMinute":29242,"stat.pickup.minecraft.diamond_axe":1,"stat.sneakTime":599,"stat.damageDealt":1160,"stat.killEntity.Zombie":2,"stat.timeSinceDeath":29242,"stat.useItem.minecraft.wooden_axe":7,"stat.mineBlock.minecraft.tallgrass":1}