{"stat.walkOneCm":76302,"stat.pickup.minecraft.bone":9,"stat.leaveGame":4,"stat.pickup.minecraft.arrow":11,"stat.useItem.minecraft.diamond_axe":5,"stat.useItem.iceandfire.troll_weapon.hammer":4,"stat.killEntity.Wolf":1,"stat.useItem.iceandfire.dread_knight_sword":4,"stat.useItem.swordcraftonline.darkscythe":1,"stat.killEntity.Creeper":6,"stat.useItem.minecraft.diamond_sword":3,"stat.pickup.minecraft.string":1,"stat.useItem.mowziesmobs.glowing_jelly":2,"stat.pickup.jurassicraft.vehicle_item":1,"stat.jump":1297,"stat.swimOneCm":2252,"stat.useItem.swordcraftonline.nightskysword":20,"stat.fallOneCm":11415,"stat.pickup.minecraft.gunpowder":5,"stat.crouchOneCm":3827,"stat.killEntity.if_troll":3,"stat.pickup.minecraft.spider_eye":6,"stat.pickup.iceandfire.stymphalian_bird_feather":1,"stat.sprintOneCm":154041,"stat.pickup.minecraft.red_mushroom":1,"stat.useItem.minecraft.stone_slab2":81,"stat.useItem.iceandfire.troll_weapon.column_forest":3,"stat.pickup.minecraft.cooked_beef":5,"stat.pickup.minecraft.rotten_flesh":7,"stat.killEntity.Skeleton":6,"stat.pickup.swordcraftonline.nightskysword":1,"stat.pickup.iceandfire.troll_skull":1,"stat.useItem.swordcraftonline.ordinalscale":1,"stat.damageTaken":80,"stat.killEntity.Spider":7,"stat.pickup.minecraft.leather":3,"stat.pickup.iceandfire.troll_leather_forest":10,"stat.useItem.minecraft.lingering_potion":8,"stat.pickup.swordcraftonline.karakurenai":1,"stat.mobKills":42,"stat.pickup.iceandfire.troll_weapon.hammer":1,"stat.useItem.minecraft.golden_apple":1,"stat.flyOneCm":517015,"stat.pickup.minecraft.brown_mushroom":1,"stat.mineBlock.minecraft.leaves":6,"stat.playOneMinute":85248,"stat.pickup.minecraft.diamond_axe":1,"stat.pickup.mowziesmobs.glowing_jelly":6,"stat.killEntity.Sheep":7,"stat.sneakTime":1053,"stat.pickup.iceandfire.troll_weapon.column_forest":1,"stat.pickup.minecraft.wool":7,"stat.damageDealt":5719,"stat.killEntity.Zombie":4,"stat.timeSinceDeath":85248,"stat.useItem.iceandfire.dragonbone_bow":2,"stat.useItem.minecraft.wooden_axe":7,"stat.useItem.swordcraftonline.darkrepulser":2,"stat.killEntity.Cow":3,"stat.pickup.iceandfire.troll_weapon.trunk":1,"stat.mineBlock.minecraft.tallgrass":1,"stat.pickup.minecraft.mutton":6,"stat.diveOneCm":333,"stat.pickup.minecraft.cooked_mutton":2}