{"stat.walkOneCm":41599,"stat.pickup.minecraft.bone":2,"stat.leaveGame":4,"stat.pickup.minecraft.arrow":4,"stat.useItem.minecraft.diamond_axe":5,"stat.killEntity.Wolf":1,"stat.killEntity.Creeper":2,"stat.useItem.minecraft.diamond_sword":3,"stat.jump":1108,"stat.fallOneCm":11415,"stat.crouchOneCm":3333,"stat.sprintOneCm":125728,"stat.useItem.minecraft.stone_slab2":71,"stat.pickup.minecraft.rotten_flesh":3,"stat.killEntity.Skeleton":2,"stat.useItem.swordcraftonline.ordinalscale":1,"stat.damageTaken":80,"stat.killEntity.Spider":4,"stat.useItem.minecraft.lingering_potion":8,"stat.mobKills":12,"stat.useItem.minecraft.golden_apple":1,"stat.flyOneCm":362862,"stat.mineBlock.minecraft.leaves":6,"stat.playOneMinute":48348,"stat.pickup.minecraft.diamond_axe":1,"stat.killEntity.Sheep":1,"stat.sneakTime":912,"stat.pickup.minecraft.wool":1,"stat.damageDealt":1560,"stat.killEntity.Zombie":2,"stat.timeSinceDeath":48348,"stat.useItem.minecraft.wooden_axe":7,"stat.useItem.swordcraftonline.darkrepulser":2,"stat.mineBlock.minecraft.tallgrass":1,"stat.pickup.minecraft.mutton":1}