{"stat.walkOneCm":18664,"stat.pickup.minecraft.bone":1,"stat.leaveGame":3,"stat.pickup.minecraft.arrow":2,"stat.useItem.minecraft.diamond_axe":5,"stat.killEntity.Wolf":1,"stat.killEntity.Creeper":2,"stat.useItem.minecraft.diamond_sword":3,"stat.jump":807,"stat.fallOneCm":7723,"stat.crouchOneCm":2300,"stat.sprintOneCm":99882,"stat.useItem.minecraft.stone_slab2":66,"stat.pickup.minecraft.rotten_flesh":3,"stat.killEntity.Skeleton":1,"stat.damageTaken":80,"stat.killEntity.Spider":3,"stat.useItem.minecraft.lingering_potion":8,"stat.mobKills":9,"stat.useItem.minecraft.golden_apple":1,"stat.flyOneCm":215130,"stat.mineBlock.minecraft.leaves":1,"stat.playOneMinute":24871,"stat.pickup.minecraft.diamond_axe":1,"stat.sneakTime":516,"stat.damageDealt":1160,"stat.killEntity.Zombie":2,"stat.timeSinceDeath":24871,"stat.useItem.minecraft.wooden_axe":7,"stat.mineBlock.minecraft.tallgrass":1}