{"stat.walkOneCm":30149,"stat.pickup.minecraft.bone":1,"stat.leaveGame":4,"stat.pickup.minecraft.arrow":2,"stat.useItem.minecraft.diamond_axe":5,"stat.killEntity.Wolf":1,"stat.killEntity.Creeper":2,"stat.useItem.minecraft.diamond_sword":3,"stat.jump":960,"stat.fallOneCm":11415,"stat.crouchOneCm":3333,"stat.sprintOneCm":111678,"stat.useItem.minecraft.stone_slab2":66,"stat.pickup.minecraft.rotten_flesh":3,"stat.killEntity.Skeleton":1,"stat.damageTaken":80,"stat.killEntity.Spider":3,"stat.useItem.minecraft.lingering_potion":8,"stat.mobKills":9,"stat.useItem.minecraft.golden_apple":1,"stat.flyOneCm":284689,"stat.mineBlock.minecraft.leaves":6,"stat.playOneMinute":36648,"stat.pickup.minecraft.diamond_axe":1,"stat.sneakTime":755,"stat.damageDealt":1160,"stat.killEntity.Zombie":2,"stat.timeSinceDeath":36648,"stat.useItem.minecraft.wooden_axe":7,"stat.mineBlock.minecraft.tallgrass":1}