{"stat.pickup.minecraft.rotten_flesh":7,"stat.killEntity.Skeleton":4,"stat.walkOneCm":14345,"stat.pickup.minecraft.bone":8,"stat.leaveGame":1,"stat.pickup.minecraft.arrow":5,"stat.killEntity.Spider":2,"stat.useItem.minecraft.diamond_axe":8,"stat.mobKills":19,"stat.pickup.minecraft.shield":1,"stat.killEntity.Creeper":4,"stat.useItem.minecraft.diamond_sword":43,"stat.drop.minecraft.diamond_axe":1,"stat.pickup.minecraft.string":4,"stat.flyOneCm":217985,"stat.drop":1,"stat.jump":773,"stat.swimOneCm":128,"stat.playOneMinute":20405,"stat.fallOneCm":743,"stat.sneakTime":68,"stat.damageDealt":3598,"stat.pickup.minecraft.gunpowder":5,"stat.crouchOneCm":442,"stat.killEntity.Zombie":7,"stat.timeSinceDeath":20405,"stat.pickup.minecraft.tipped_arrow":2,"stat.sprintOneCm":81692,"stat.useItem.minecraft.stone_slab2":3,"stat.pickup.minecraft.bow":1,"stat.killEntity.Stray":2}