{"stat.walkOneCm":10539,"stat.leaveGame":1,"stat.mineBlock.minecraft.glass_pane":1,"stat.damageTaken":140,"stat.killEntity.Spider":1,"stat.useItem.minecraft.diamond_axe":9,"stat.mobKills":2,"stat.mineBlock.minecraft.log":3,"stat.talkedToVillager":1,"stat.pickup.minecraft.planks":1,"stat.pickup.minecraft.log":3,"stat.pickup.minecraft.string":2,"stat.flyOneCm":19804,"stat.mineBlock.minecraft.planks":1,"stat.jump":83,"stat.mineBlock.minecraft.leaves":2,"stat.playOneMinute":3011,"stat.fallOneCm":1463,"stat.pickup.minecraft.diamond_axe":1,"stat.damageDealt":415,"stat.timeSinceDeath":3011,"stat.sprintOneCm":4504,"stat.useItem.minecraft.stone_slab2":1,"stat.killEntity.Pig":1,"stat.mineBlock.minecraft.tallgrass":1,"stat.craftingTableInteraction":1}